{
  "data": {
    "recent": [
      {
        "name": "Alice Freeman",
        "avatar": "assets/images/avatars/alice.jpg",
        "lastMessage": "Are you going to commit latest...",
        "status": "online"
      },
      {
        "name": "Joyce Walters",
        "avatar": "assets/images/avatars/joyce.jpg",
        "lastMessage": "Something wrong with our servers...",
        "status": "away"
      },
      {
        "name": "Vincent Munoz",
        "avatar": "assets/images/avatars/vincent.jpg",
        "lastMessage": "Everybody, quickly gather in the...",
        "status": "online",
        "unread": 3
      }
    ],
    "all": [
      {
        "name": "Alice Freeman",
        "avatar": "assets/images/avatars/alice.jpg",
        "status": "online"
      },
      {
        "name": "Danielle Obrien",
        "avatar": "assets/images/avatars/danielle.jpg",
        "status": "offline"
      },
      {
        "name": "Garry Arnold",
        "avatar": "assets/images/avatars/garry.jpg",
        "status": "offline"
      },
      {
        "name": "James Lewis",
        "avatar": "assets/images/avatars/james.jpg",
        "status": "offline"
      },
      {
        "name": "Joyce Walters",
        "avatar": "assets/images/avatars/joyce.jpg",
        "status": "away"
      },
      {
        "name": "Vincent Munoz",
        "avatar": "assets/images/avatars/vincent.jpg",
        "status": "online"
      }
    ]
  }
}