{
  "data": [
    {
      "title": "Morbi scelerisque malesuada quam sit amet pretium",
      "notes": "Lorem ipsum dolor sit amet, consectetur adipiscing elit. Fusce lorem diam, pulvinar id nisl non, ultrices maximus nibh. Suspendisse ut justo velit. Nullam ac ultrices risus, quis auctor orci. Vestibulum volutpat nisi et neque porta ullamcorper.",
      "time": "32 minutes ago",
      "checked": false,
      "starred": false,
      "tags": [
        {
          "title":"Meeting Planning",
          "color":"#388E3C"
        }
      ]
    },
    {
      "title": "Vestibulum ante ipsum primis in faucibus",
      "notes": "Lorem ipsum dolor sit amet, consectetur adipiscing elit. Fusce lorem diam, pulvinar id nisl non, ultrices maximus nibh. Suspendisse ut justo velit. Nullam ac ultrices risus, quis auctor orci. Vestibulum volutpat nisi et neque porta ullamcorper.",
      "time": "32 minutes ago",
      "checked": false,
      "starred": false,
      "tags": [
      {
          "title":"Personal Project",
          "color":"#F44336"
        }
      ]
    },
    {
      "title": "Aenean sed volutpat felis",
      "notes": "Lorem ipsum dolor sit amet, consectetur adipiscing elit.",
      "time": "32 minutes ago",
      "checked": true,
      "starred": false,
      "tags": [
        {
          "title":"Github Client",
          "color":"#FF9800"
        }
      ]
    },
    {
      "title": "Nulla sit amet condimentum orci, luctus volutpat nisl. Fusce quis odio feugiat, maximus mauris sit amet, porta arcu...",
      "notes": "Lorem ipsum dolor sit amet, consectetur adipiscing elit. Fusce lorem diam, pulvinar id nisl non, ultrices maximus nibh. Suspendisse ut justo velit. Nullam ac ultrices risus, quis auctor orci. Vestibulum volutpat nisi et neque porta ullamcorper.",
      "time": "32 minutes ago",
      "checked": false,
      "starred": false,
      "tags": [
        {
          "title":"Server",
          "color":"#0091EA"
        }
      ]
    },
    {
      "title": "Duis viverra in nisi sed ultrices",
      "notes": "Lorem ipsum dolor sit amet, consectetur adipiscing elit. Fusce lorem diam, pulvinar id nisl non, ultrices maximus nibh. Suspendisse ut justo velit. Nullam ac ultrices risus, quis auctor orci. Vestibulum volutpat nisi et neque porta ullamcorper.",
      "time": "32 minutes ago",
      "checked": false,
      "starred": false,
      "tags": [
        {
          "title":"Personal Project",
          "color":"#F44336"
        }
      ]
    },
    {
      "title": "Duis dolor enim, pellentesque vel nibh a, egestas sagittis massa",
      "notes": "Lorem ipsum dolor sit amet, consectetur adipiscing elit. Fusce lorem diam, pulvinar id nisl non, ultrices maximus nibh. Suspendisse ut justo velit. Nullam ac ultrices risus, quis auctor orci. Vestibulum volutpat nisi et neque porta ullamcorper.",
      "time": "32 minutes ago",
      "checked": false,
      "starred": false,
      "tags": [
        {
          "title":"Meeting Planning",
          "color":"#388E3C"
        },
        {
          "title":"Personal Project",
          "color":"#F44336"
        }
      ]
    },
    {
      "title": "Praesent sed nulla metus, proin at viverra neque",
      "notes": "Lorem ipsum dolor sit amet, consectetur adipiscing elit. Fusce lorem diam, pulvinar id nisl non, ultrices maximus nibh. Suspendisse ut justo velit. Nullam ac ultrices risus, quis auctor orci. Vestibulum volutpat nisi et neque porta ullamcorper.",
      "time": "32 minutes ago",
      "checked": false,
      "starred": false,
      "tags": [
        {
          "title":"Server",
          "color":"#0091EA"
        },
        {
          "title":"Github Client",
          "color":"#FF9800"
        }
      ]
    },
    {
      "title": "Morbi scelerisque malesuada quam sit amet pretium",
      "notes": "Lorem ipsum dolor sit amet, consectetur adipiscing elit. Fusce lorem diam, pulvinar id nisl non, ultrices maximus nibh. Suspendisse ut justo velit. Nullam ac ultrices risus, quis auctor orci. Vestibulum volutpat nisi et neque porta ullamcorper.",
      "time": "32 minutes ago",
      "checked": false,
      "starred": false,
      "tags": [
        {
          "title":"Meeting Planning",
          "color":"#388E3C"
        }
      ]
    },
    {
      "title": "Vestibulum ante ipsum primis in faucibus",
      "notes": "Lorem ipsum dolor sit amet, consectetur adipiscing elit. Fusce lorem diam, pulvinar id nisl non, ultrices maximus nibh. Suspendisse ut justo velit. Nullam ac ultrices risus, quis auctor orci. Vestibulum volutpat nisi et neque porta ullamcorper.",
      "time": "32 minutes ago",
      "checked": true,
      "starred": false,
      "tags": [
        {
          "title":"Personal Project",
          "color":"#F44336"
        }
      ]
    },
    {
      "title": "Aenean sed volutpat felis",
      "notes": "Lorem ipsum dolor sit amet, consectetur adipiscing elit.",
      "time": "32 minutes ago",
      "checked": true,
      "starred": false,
      "tags": [
        {
          "title":"Github Client",
          "color":"#FF9800"
        }
      ]
    },
    {
      "title": "Nulla sit amet condimentum orci, luctus volutpat nisl. Fusce quis odio feugiat, maximus mauris sit amet, porta arcu...",
      "notes": "Lorem ipsum dolor sit amet, consectetur adipiscing elit. Fusce lorem diam, pulvinar id nisl non, ultrices maximus nibh. Suspendisse ut justo velit. Nullam ac ultrices risus, quis auctor orci. Vestibulum volutpat nisi et neque porta ullamcorper.",
      "time": "32 minutes ago",
      "checked": false,
      "starred": false,
      "tags": [
        {
          "title":"Server",
          "color":"#0091EA"
        }
      ]
    },
    {
      "title": "Duis viverra in nisi sed ultrices",
      "notes": "Lorem ipsum dolor sit amet, consectetur adipiscing elit. Fusce lorem diam, pulvinar id nisl non, ultrices maximus nibh. Suspendisse ut justo velit. Nullam ac ultrices risus, quis auctor orci. Vestibulum volutpat nisi et neque porta ullamcorper.",
      "time": "32 minutes ago",
      "checked": false,
      "starred": false,
      "tags": [
        {
          "title":"Personal Project",
          "color":"#F44336"
        }
      ]
    },
    {
      "title": "Duis dolor enim, pellentesque vel nibh a, egestas sagittis massa",
      "notes": "Lorem ipsum dolor sit amet, consectetur adipiscing elit. Fusce lorem diam, pulvinar id nisl non, ultrices maximus nibh. Suspendisse ut justo velit. Nullam ac ultrices risus, quis auctor orci. Vestibulum volutpat nisi et neque porta ullamcorper.",
      "time": "32 minutes ago",
      "checked": false,
      "starred": false,
      "tags": [
        {
          "title":"Meeting Planning",
          "color":"#388E3C"
        },
        {
          "title":"Personal Project",
          "color":"#F44336"
        }
      ]
    },
    {
      "title": "Praesent sed nulla metus, proin at viverra neque",
      "notes": "Lorem ipsum dolor sit amet, consectetur adipiscing elit. Fusce lorem diam, pulvinar id nisl non, ultrices maximus nibh. Suspendisse ut justo velit. Nullam ac ultrices risus, quis auctor orci. Vestibulum volutpat nisi et neque porta ullamcorper.",
      "time": "32 minutes ago",
      "checked": false,
      "starred": false,
      "tags": [
        {
          "title":"Server",
          "color":"#0091EA"
        },
        {
          "title":"Github Client",
          "color":"#FF9800"
        }
      ]
    }
  ]
}